v0,theta_mrad,V_mean,V_std,N0_mean,N0_std,a_min,a_min_err
50118.72336272725,0.0,0.9999999999999998,1.2412670766236366e-16,149.6,74.4902678207026,32685.43994095357,8137.523980745726
50118.72336272725,0.2,0.30540652085384784,0.45038806898782796,40.0,59.53570357357004,206972.1115324968,341887.4325625676
50118.72336272725,0.5,0.8000000000199998,0.4472135954552365,148.6,120.38604570298004,40994.04182971908,28300.133312951504
50118.72336272725,0.8,0.9999999999999998,1.2412670766236366e-16,200.8,156.7025845351633,28212.285972830065,11008.312070686266
50118.72336272725,1.0,0.9794607632206477,0.045927129644595395,295.2,147.4981355814371,23756.087270705804,6038.555104159969
50118.72336272725,1.25,0.9534015776836176,0.10419723994367262,494.2,76.00460512363709,18862.223860959297,2520.587976917798
50118.72336272725,1.4,0.9999999999999998,1.2412670766236366e-16,443.2,200.52481143240104,18989.79409690789,4295.944134050742
50118.72336272725,1.5,0.8849924767104698,0.19888272649322378,280.2,144.70383547093698,26986.495324826097,9237.815467992545
50118.72336272725,1.6,0.9220794202328513,0.08697394882860088,535.0,95.82536198731523,18744.545367819537,2438.03873262893
50118.72336272725,1.7,0.9999999999999998,1.2412670766236366e-16,496.6,286.1752959289114,17939.766002979,5169.0675038239415
50118.72336272725,1.8,0.9619586778330094,0.08506298231936041,455.2,159.8224014335913,19478.81747959479,3828.8518129657555
50118.72336272725,1.9,0.9704492210152263,0.02882080655336941,574.2,224.05401134547893,17191.57719937122,3392.730821872184
50118.72336272725,2.0,0.9890666316218434,0.02112564884271757,535.4,245.77794856333227,17468.491303336104,4026.8205153111276
50118.72336272725,2.1,0.9687522746573771,0.04942604905110261,709.2,181.03369852046882,15496.122215103424,2129.974822475562
50118.72336272725,2.25,0.9022836114621722,0.13293492793725517,577.0,194.20736340314184,18445.445796765292,4125.6959009402335
50118.72336272725,2.5,0.9999999999999998,1.2412670766236366e-16,938.2,212.7597236320822,13051.860319446274,1479.9137680931194
50118.72336272725,3.0,0.9498462555660007,0.0712485340995568,964.6,226.07587221992534,13551.681555783245,1885.5462224391677
50118.72336272725,4.0,0.9988022933957573,0.0026781533841867653,1340.2,164.16820642255917,10933.41401842653,670.2873536482199
50118.72336272725,5.5,0.9999999999999998,1.2412670766236366e-16,1702.6,252.13944554551554,9688.662263261327,717.4010134900948
50118.72336272725,8.0,0.9999999999999998,1.2412670766236366e-16,2305.0,436.9931349575185,8326.925263856265,789.3295391777682
50118.72336272725,10.0,0.9930366624103633,0.01557049620070719,2909.2,343.0462068001919,7463.938622640905,455.36137163996574
50118.72336272725,12.0,0.9898877668864247,0.022611640646278717,3628.2,398.54322224822744,6704.84225898322,398.8294234081613
50118.72336272725,14.0,0.9999999999999998,3.510833468576701e-16,4288.2,749.7027410914276,6104.957084935809,533.6624995128384
50118.72336272725,17.0,0.9999999999999998,1.2412670766236366e-16,4838.8,752.9944886916504,5747.133634831843,447.17284789646084
50118.72336272725,20.0,0.9999999999999993,1.2911564428300668e-15,5911.8,661.6684970587613,5199.4842266856385,290.9718625251042
54555.947811685255,0.0,0.9999999999999998,1.2412670766236366e-16,326.4,121.64209797598856,26219.793508790317,4885.770053471907
54555.947811685255,0.2,0.5398847889739111,0.507891702912663,66.4,81.24223039774326,107676.07366238382,120830.03728597562
54555.947811685255,0.5,0.9778070023329706,0.04962505140797168,309.8,130.89194016439666,27523.93302689049,5979.934516092912
54555.947811685255,0.8,0.9737334401656813,0.036162669853197986,334.0,236.8111061584739,26618.956336831696,9488.26388936862
54555.947811685255,1.0,0.9375344387612493,0.0935176340984211,536.4,158.7334243314873,21815.8795848238,3892.92465148799
54555.947811685255,1.25,0.9842900813044443,0.03512844612425725,708.8,161.48900891391958,18076.709508195494,2157.941181290234
54555.947811685255,1.4,0.9837064251633304,0.036433540931272906,844.8,250.39808305975507,16567.687013619947,2530.8392235554525
54555.947811685255,1.5,0.9890787716434817,0.01585733086588877,655.0,202.5993583405436,18713.40476593623,2909.649609377148
54555.947811685255,1.6,0.9559078240229433,0.0985931027605819,1058.6,188.53859021431128,15230.788277432712,2075.4200317687214
54555.947811685255,1.7,0.9946463448041524,0.011971136946009901,952.6,285.295110368194,15430.512922110007,2318.1010120850724
54555.947811685255,1.8,0.9999999999999977,5.114562628089052e-15,831.0,286.0104893181367,16432.50716348744,2827.8395996106074
54555.947811685255,1.9,0.9835012474141187,0.023043149010742944,1029.8,238.53658000399017,15009.042360699124,1773.5148379297527
54555.947811685255,2.0,0.9970484718419191,0.006599817598973207,1151.4,383.279662909474,14001.512659749933,2332.263918681513
54555.947811685255,2.1,0.9521826497739656,0.06599418690927675,1244.8,232.21907759699675,14100.492719125012,1638.5714522029675
54555.947811685255,2.25,0.981167841258239,0.027861233651230333,1273.4,227.35830752360908,13529.402401055764,1267.4276587121542
54555.947811685255,2.5,0.9999999999999998,1.2412670766236366e-16,1623.0,291.32027049280316,11758.314775044411,1055.278940482274
54555.947811685255,3.0,0.9541216388863294,0.06318709227748227,1755.2,412.1325029647625,11850.516834371521,1597.3747840729354
54555.947811685255,4.0,0.9999999999999998,1.2412670766236366e-16,2251.4,325.82403226281514,9983.38940651616,722.40121526183
54555.947811685255,5.5,0.9973553026795979,0.005913722988330317,3092.6,362.52075802635085,8540.682265706437,503.1329749314554
54555.947811685255,8.0,0.9992171352110188,0.001750538885352587,3966.2,637.6415137049971,7527.610928356026,605.2464620743793
54555.947811685255,10.0,0.9999999999999998,1.2412670766236366e-16,5578.6,689.91325541694,6342.226251600668,392.1759903768502
54555.947811685255,12.0,0.999999838227031,3.617353555528306e-07,6433.0,351.1744580689205,5906.057036071231,161.20444420554895
54555.947811685255,14.0,0.9999999999999998,1.2412670766236366e-16,7677.6,886.8268151110452,5406.193689699243,312.23022374891957
54555.947811685255,17.0,0.9999999999999997,4.47545209131181e-16,9127.8,665.8113096065581,4958.168528039694,180.8324394105989
54555.947811685255,20.0,0.9999999999999998,1.2412670766236366e-16,11136.8,1016.5474410965776,4488.736706236473,204.86198066235215
59386.018675902655,0.0,0.9999999999999998,1.2412670766236366e-16,584.8,183.7258827710456,23210.52002030828,3646.0099865818793
59386.018675902655,0.2,0.5771633893862682,0.4263948881541269,106.2,100.4574536806503,94368.60152933627,82780.44569965641
59386.018675902655,0.5,0.9696273098438974,0.0567788195323225,564.2,323.88609108759204,24370.653376106402,7139.225484419279
59386.018675902655,0.8,0.9880737864794634,0.022589437516926273,655.0,393.0413464255383,22196.19466719483,6678.864618628356
59386.018675902655,1.0,0.9999999999999561,9.771255688631466e-14,898.6,111.61227531055893,18724.289428625303,1162.8425031728887
59386.018675902655,1.25,0.995088293488115,0.010982909646103127,1258.6,279.7531054340595,15899.48553326569,1775.7075345784149
59386.018675902655,1.4,0.9999999999999986,3.078742732723249e-15,1367.2,290.9384814698805,15180.026434415759,1615.1454942589105
59386.018675902655,1.5,0.9874943273652376,0.021637564636348774,1178.0,232.38975881049493,16560.799451061186,1673.3340145863697
59386.018675902655,1.6,0.9968424002866805,0.007060607604513658,1929.6,253.95727987202886,12818.240190628663,848.3850835360735
59386.018675902655,1.7,0.9999999999999998,1.2412670766236366e-16,1824.8,351.9015487320282,13139.562848968371,1266.9422720883906
59386.018675902655,1.8,0.9988952760934525,0.0024702377514090375,1676.2,386.80059462208686,13724.788960533258,1583.9326355544306
59386.018675902655,1.9,0.9999999999999998,1.2412670766236366e-16,1942.8,368.6247414376848,12734.283238299926,1208.094468322152
59386.018675902655,2.0,0.9999999999999977,4.965068306494546e-15,2063.0,452.09899358436974,12357.73672908282,1354.0766694616927
59386.018675902655,2.1,0.9937295279631757,0.014021201725346575,2129.0,218.28879952943075,12241.440533873272,650.8995854838635
59386.018675902655,2.25,0.9773932714648523,0.032189151964779374,2157.2,269.55834247895206,12364.42720272976,873.2666607767512
59386.018675902655,2.5,0.9999999999999126,1.9532581241932557e-13,2760.8,488.89283079218905,10682.455185259023,945.8446383895939
59386.018675902655,3.0,0.9839607088910256,0.031490326759280644,2920.8,562.4746216497239,10555.040061675354,1070.9890395874042
59386.018675902655,4.0,0.9850663790259231,0.033392591648252354,3766.6,321.1593062640409,9284.281612856956,505.6876488305723
59386.018675902655,5.5,0.9999999999999998,1.2412670766236366e-16,5480.8,154.20505828279434,7581.699643698449,106.65746199817184
59386.018675902655,8.0,0.9888238719086276,0.024990582137553237,7476.2,1454.4812477306127,6564.915715994981,659.7977690448948
59386.018675902655,10.0,0.9999999999999998,1.2412670766236366e-16,9934.2,605.3930128437229,5631.474256151292,171.59183259262417
59386.018675902655,12.0,0.9999999999999998,1.2412670766236366e-16,11468.4,664.1756544770366,5241.277289851822,151.77046380850697
59386.018675902655,14.0,0.9999999999999998,1.2412670766236366e-16,13521.6,733.734488762795,4826.969009266999,130.96503513964237
59386.018675902655,17.0,0.9999999999999998,1.2412670766236366e-16,16478.2,936.5832584452917,4372.538759127004,124.2625589779679
59386.018675902655,20.0,0.9999999999999998,1.2412670766236366e-16,19994.0,1411.008504581032,3969.526529518165,140.06791268155843
64643.716324900655,0.0,0.9999999999999998,1.2412670766236366e-16,1088.0,136.0,20163.14696153145,1260.1966850957156
64643.716324900655,0.2,0.6955118544212815,0.2851757638243365,240.4,162.56629416948644,61673.84074107974,32776.69311305386
64643.716324900655,0.5,0.9999999999999998,1.2412670766236366e-16,938.8,379.76071413457186,21706.321077503744,4390.289728178063
64643.716324900655,0.8,0.9604641007069216,0.07849887357662415,989.4,145.24393274763665,22014.340187517286,2418.310903008844
64643.716324900655,1.0,0.9918468966282459,0.01823089336682476,1622.0,173.09390514977702,16649.55764754479,939.6232786527341
64643.716324900655,1.25,0.9999999999999017,2.188109109312201e-13,1968.6,268.505679641977,14989.73733701685,1022.2568351443737
64643.716324900655,1.4,0.9808604993302342,0.042797224552998725,2197.6,543.1126034258457,14464.092642461976,1895.4694037356714
64643.716324900655,1.5,0.9999999999999998,1.2412670766236366e-16,2010.6,489.96459055731776,14832.348603589311,1807.252961941968
64643.716324900655,1.6,0.991417065012856,0.019192026077715262,3029.0,482.92338936936983,12188.962376547788,999.9022151142251
64643.716324900655,1.7,0.9999999999999998,1.2412670766236366e-16,2951.0,603.1993866044627,12243.008710260381,1251.2665781467563
64643.716324900655,1.8,0.9899951159896592,0.022371600754122558,2788.2,542.9076348698736,12722.654974738056,1271.5816335538127
64643.716324900655,1.9,0.9999999999999998,1.2412670766236366e-16,3148.8,542.8496108500033,11852.234208156151,1021.6559844386214
64643.716324900655,2.0,0.9999999999999997,4.47545209131181e-16,3389.2,444.4791333684856,11424.157038260104,749.114749768579
64643.716324900655,2.1,0.9910208240460922,0.012390057413388026,3442.8,399.97649930964695,11437.578446996258,679.6098040146592
64643.716324900655,2.25,0.9907083410076719,0.012887774720624176,3831.4,509.43478483511507,10845.465478996673,734.6968989783317
64643.716324900655,2.5,0.9999999999999998,1.2412670766236366e-16,4368.2,577.3977831616605,10062.861746387445,665.0650227354959
64643.716324900655,3.0,0.9999999999999998,1.2412670766236366e-16,4813.6,508.38105786899655,9586.00748974306,506.2058156448085
64643.716324900655,4.0,0.9999999999999998,1.2412670766236366e-16,6567.6,800.1520480508689,8206.716218292633,499.9254514464288
64643.716324900655,5.5,0.9999999999999998,1.2412670766236366e-16,8710.8,796.9496219962715,7125.965936291834,325.9767104792949
64643.716324900655,8.0,0.9999999999999998,1.2412670766236366e-16,12648.0,1651.4495148202382,5913.734663320306,386.07820368896046
64643.716324900655,10.0,0.9999999999999998,1.2412670766236366e-16,16633.4,678.2136831412354,5156.8232644008785,105.13268782863781
64643.716324900655,12.0,0.9999999999999998,1.2412670766236366e-16,20035.6,1328.070517706044,4698.633674524628,155.72572961720576
64643.716324900655,14.0,0.9999999999999998,1.2412670766236366e-16,22322.4,1292.0769326940251,4451.4584106374095,128.83083201697406
64643.716324900655,17.0,0.9999999999999998,1.2412670766236366e-16,27962.6,1196.9220108261022,3977.2600517282353,85.12209341572112
64643.716324900655,20.0,0.9999999999999998,1.2412670766236366e-16,33226.6,1566.775765704844,3648.6298900881693,86.02422290900171
70366.9003827307,0.0,0.9999999999999998,1.2412670766236366e-16,1781.6,188.6923421869579,18670.324734482725,988.7032172038164
70366.9003827307,0.2,0.9695153112595017,0.0681658362966763,536.4,280.94714805457625,35096.023888812684,9516.501038385697
70366.9003827307,0.5,0.9665170774833832,0.07269162798804694,1661.6,358.01438518584695,20002.496355871303,2628.0776208929415
70366.9003827307,0.8,0.9966633010301573,0.006323503360094262,1806.8,143.54685646157495,18601.73554118331,748.3022231717026
70366.9003827307,1.0,0.9999999999999993,1.2412670766236366e-15,2682.0,444.139054801534,15216.949067254538,1259.9629708600885
70366.9003827307,1.25,0.9999999999999998,1.2412670766236366e-16,3805.6,507.9889762583436,12774.543942037322,852.602414768074
70366.9003827307,1.4,0.9871396592730137,0.028756596079350126,3914.2,442.3761973705185,12760.181946237488,811.2417854101641
70366.9003827307,1.5,0.9999999999999998,1.2412670766236366e-16,3378.0,323.29939684447294,13558.984089798561,648.847154833582
70366.9003827307,1.6,0.9999999999999998,1.2412670766236366e-16,4353.4,374.82969466145556,11943.804532436227,514.1834664847223
70366.9003827307,1.7,0.9999999999999998,1.2412670766236366e-16,4544.0,943.2292934382392,11690.627221257122,1213.3518985207088
70366.9003827307,1.8,0.9999999999999998,1.2412670766236366e-16,4597.4,581.196008245067,11622.534071761673,734.6511515421945
70366.9003827307,1.9,0.9999999999999998,1.2412670766236366e-16,4957.4,600.1835552562233,11192.574466844491,677.5324904164235
70366.9003827307,2.0,0.9960093429130374,0.008923380521339406,5531.4,623.8531878575279,10638.392974217157,607.4439844399
70366.9003827307,2.1,0.9890850291384178,0.02440661681892694,5407.6,766.0227150679018,10834.804156087734,812.6505544132682
70366.9003827307,2.25,0.9936177401141825,0.014271166954757587,6026.0,496.1587447581671,10216.992468886594,445.47832411948207
70366.9003827307,2.5,0.9999999999999998,1.2412670766236366e-16,7152.2,618.1995632479855,9318.309875516745,402.71350740008955
70366.9003827307,3.0,0.9895060131094565,0.023465268042246624,7986.8,437.6370642438778,8911.5270853057,322.9102507093908
70366.9003827307,4.0,0.9999999999999998,1.2412670766236366e-16,10276.2,1092.0275637546883,7773.931323970386,413.0586833903407
70366.9003827307,5.5,0.9999999999999998,1.2412670766236366e-16,14773.0,776.6476034856478,6483.695714471837,170.4307431928084
70366.9003827307,8.0,0.9999999999999998,1.2412670766236366e-16,20999.0,1533.1055084370416,5438.231197600712,198.51855338815707
70366.9003827307,10.0,0.9999999999999998,1.2412670766236366e-16,26122.8,2151.6814820042487,4875.8137868809445,200.80539289304244
70366.9003827307,12.0,0.9999999999999998,1.2412670766236366e-16,31467.0,1791.466298873635,4442.5191001104795,126.45983490562101
70366.9003827307,14.0,0.9999999999999998,1.2412670766236366e-16,36811.6,749.7471573804065,4107.3775650128155,41.82777512599853
70366.9003827307,17.0,0.9999999999999998,1.2412670766236366e-16,44476.6,1424.9150150096673,3736.72539544081,59.8574994821046
70366.9003827307,20.0,0.9999999999999998,1.2412670766236366e-16,52353.0,2230.0494389138553,3444.182748892605,73.35489663137484
76596.78234751838,0.0,0.9999999999999998,1.2412670766236366e-16,2788.0,173.3666634621547,17684.582018327044,549.8416390315956
76596.78234751838,0.2,0.9732148029987695,0.057773968323269385,884.6,331.01857953897394,32259.60241844486,6332.319717164512
76596.78234751838,0.5,0.9758639763238184,0.053969789646486174,2453.0,418.7439551802509,19319.822129188153,1964.9133261780883
76596.78234751838,0.8,0.984874394896351,0.023895007903023582,3120.4,362.37590979533945,16972.866801195763,1068.1126263897418
76596.78234751838,1.0,0.997170604039853,0.006326721702151523,3995.0,587.0915601505442,14815.39807916134,1092.660910184288
76596.78234751838,1.25,0.9999999999999998,1.2412670766236366e-16,6003.2,894.1074879453812,12051.740674495622,897.4839735343196
76596.78234751838,1.4,0.9971570350392296,0.006357062909932066,5842.6,599.6601537537741,12251.084898999368,633.5329516604031
76596.78234751838,1.5,0.9999999999999998,1.2412670766236366e-16,5241.8,507.7122216374153,12897.364118832807,624.6088547864559
76596.78234751838,1.6,0.9999999999999998,1.2412670766236366e-16,6765.4,455.36501841928964,11352.576699504581,382.0591759449776
76596.78234751838,1.7,0.9999999999999998,1.2412670766236366e-16,7372.8,819.3318619460615,10874.892128360434,604.2579220914796
76596.78234751838,1.8,0.9999999999999998,1.2412670766236366e-16,7197.2,833.4840730331924,11006.75750992655,637.3282026525774
76596.78234751838,1.9,0.9999999999999998,1.2412670766236366e-16,7568.6,410.723507970995,10733.303443577648,291.2308777358674
76596.78234751838,2.0,0.998740553356717,0.0017970185161469202,8695.4,662.9745847315718,10026.369770573652,382.652208852499
76596.78234751838,2.1,0.9926836602524164,0.013788094604072636,8552.4,1138.6570159622256,10171.530565139903,691.695117547614
76596.78234751838,2.25,0.9999999999999998,1.2412670766236366e-16,9255.6,918.5468414838733,9705.96890355992,481.62123902856956
76596.78234751838,2.5,0.9999999999999998,1.2412670766236366e-16,10823.4,579.5712208175971,8975.514023379073,240.31032854718816
76596.78234751838,3.0,0.9999999999999998,1.2412670766236366e-16,11993.8,839.2411453211765,8526.342674238747,298.30652467645575
76596.78234751838,4.0,0.9999999999999998,1.2412670766236366e-16,15930.4,1387.5074053856433,7398.230257992471,322.1858606724468
76596.78234751838,5.5,0.9999999999999998,1.2412670766236366e-16,22473.4,835.052573195245,6228.834522184683,115.72357310771166
76596.78234751838,8.0,0.9999999999999998,1.2412670766236366e-16,31748.6,1060.4392014632429,5240.574444172369,87.52056120249122
76596.78234751838,10.0,0.9999999999999998,1.2412670766236366e-16,40841.0,1807.3452907510507,4620.542833483696,102.23692283257357
76596.78234751838,12.0,0.9999999999999998,1.2412670766236366e-16,49146.2,1892.1893932690778,4212.076133060011,81.08506642037416
76596.78234751838,14.0,0.9999999999999998,1.2412670766236366e-16,57088.6,1315.8998062162634,3908.107379001956,45.04119686505732
76596.78234751838,17.0,0.9999999999999998,1.2412670766236366e-16,68467.2,1525.240866224086,3568.616675255495,39.7489600055823
76596.78234751838,20.0,0.9999999999999998,1.2412670766236366e-16,79797.4,1921.9715918816282,3305.5734655103274,39.80842919436319
83378.222347179,0.0,0.9999999999999998,1.2412670766236366e-16,3971.2,233.58767090752028,17557.57429815635,516.3719892088137
83378.222347179,0.2,0.9626856605422999,0.05183985688108136,1354.4,326.33387810645706,31229.671740056107,4121.0364697399555
83378.222347179,0.5,0.9927931935704482,0.016114909077160282,3660.8,643.548521869175,18419.532459521244,1646.4013627407023
83378.222347179,0.8,0.9999999999999998,1.2412670766236366e-16,4673.6,803.5656787095875,16184.512596987357,1391.3598563828755
83378.222347179,1.0,0.9904519336023598,0.021350125518804698,6258.4,679.053974290704,14120.833491917849,824.3318236793581
83378.222347179,1.25,0.9999999999999998,1.2412670766236366e-16,8521.8,1169.6720480544964,11985.59851957402,822.5503747769886
83378.222347179,1.4,0.9999999999999998,1.2412670766236366e-16,9033.0,1052.0784191304372,11641.51198722266,677.9466139602154
83378.222347179,1.5,0.999999999999423,1.289924746027283e-12,8189.8,557.3254883817893,12226.122607634781,416.0009861849917
83378.222347179,1.6,0.9999999999999998,1.5700924586837752e-16,9793.2,269.9577744759354,11180.547804279024,154.10059034151104
83378.222347179,1.7,0.9999999999999998,1.2412670766236366e-16,10815.6,814.913369628944,10638.982297171728,400.8029565262628
83378.222347179,1.8,0.9999999999999998,1.2412670766236366e-16,10893.6,1288.0373829978694,10600.825424761486,626.7101526459141
83378.222347179,1.9,0.9999999999999998,1.2412670766236366e-16,11030.2,770.7997145821994,10534.979654523413,368.09664878406215
83378.222347179,2.0,0.9999999999999998,1.2412670766236366e-16,12986.0,806.1848423283583,9709.294976811572,301.3817357153996
83378.222347179,2.1,0.9944931624397138,0.012313663125848948,12844.4,865.5306464822606,9816.726294005559,352.3812213039231
83378.222347179,2.25,0.9999999999999998,1.2412670766236366e-16,13397.0,787.5592041237281,9559.201496589332,280.974737729053
83378.222347179,2.5,0.9999999999999998,1.2412670766236366e-16,16015.4,1050.5366723727448,8742.919904828803,286.74769233488655
83378.222347179,3.0,0.9999999999999998,1.2412670766236366e-16,18272.2,1004.0608547294332,8185.212799476507,224.88949769553415
83378.222347179,4.0,0.9999999999999998,1.2412670766236366e-16,24711.4,1338.5160813378372,7038.4449708667635,190.62197570992717
83378.222347179,5.5,0.9999999999999998,1.2412670766236366e-16,33474.6,478.6787022628017,6047.386091051426,43.238080905322455
83378.222347179,8.0,0.9999999999999998,1.2412670766236366e-16,48399.4,1137.6268280943448,5029.275260269261,59.10650196028752
83378.222347179,10.0,0.9999999999999998,1.2412670766236366e-16,61283.6,2098.8123546425013,4469.4415303548385,76.53368194966535
83378.222347179,12.0,0.9999999999999998,1.2412670766236366e-16,72108.4,1195.559617919575,4120.334410157007,34.157639284106914
83378.222347179,14.0,0.9999999999999998,1.2412670766236366e-16,85438.4,1908.1670000290856,3785.287245650979,42.2699875453086
83378.222347179,17.0,0.9999999999999998,1.2412670766236366e-16,102566.0,3904.9501917438074,3454.806161421221,65.76665748142408
83378.222347179,20.0,0.9999999999999998,1.2412670766236366e-16,119601.2,2102.996005702341,3199.3195971450373,28.12746165490495
90760.05216818141,0.0,0.9999999999999998,1.2412670766236366e-16,5616.8,313.83307665062966,17493.03339835442,488.70286385110626
90760.05216818141,0.2,0.9842472833560689,0.03522414524612179,1795.4,319.65418814712876,31435.81831966963,3016.1013020520954
90760.05216818141,0.5,0.9999999999999998,1.2412670766236366e-16,5040.8,537.8268308665903,18465.44898895899,985.0831128253944
90760.05216818141,0.8,0.9999835330590032,3.6821199450114206e-05,6737.8,905.9021470335524,15971.941068391317,1073.7197510028484
90760.05216818141,1.0,0.9934389451395003,0.014670964672182416,8842.2,791.6234584699977,14034.219249805634,661.5314928787568
90760.05216818141,1.25,0.9999999999999998,1.2412670766236366e-16,11792.8,758.0275060972392,12072.609098067678,388.0066551919426
90760.05216818141,1.4,0.9947193023115639,0.008537469212045188,12551.6,1510.9732955945979,11764.121863007307,715.2505282967398
90760.05216818141,1.5,0.9996038163367527,0.0008858936025958885,11752.2,774.0698934850781,12098.237696998225,398.57524004959976
90760.05216818141,1.6,0.9999999999999998,1.2412670766236366e-16,13719.2,739.8528232020203,11192.966698868959,301.80870649033454
90760.05216818141,1.7,0.9999999999999998,1.2412670766236366e-16,15839.8,809.5228224083618,10416.810375695231,266.1853601631811
90760.05216818141,1.8,0.9999999999991216,1.9638831181077608e-12,15464.8,972.268327160769,10542.35050901584,331.3975445444918
90760.05216818141,1.9,0.9999999999999998,1.2412670766236366e-16,16108.2,866.4509218645912,10329.661706560473,277.8133158328891
90760.05216818141,2.0,0.9999999999999997,7.550332863779066e-16,18241.2,1437.4787650605485,9706.95246299446,382.47313880135977
90760.05216818141,2.1,0.9999999999999838,3.6046404453820716e-14,17939.6,1137.3039611291258,9788.208858654703,310.26803014858734
90760.05216818141,2.25,0.9999999999999998,1.2412670766236366e-16,19360.4,1546.0617064011383,9422.202686679939,376.21399257829836
90760.05216818141,2.5,0.9999999999999998,1.2412670766236366e-16,22314.6,934.3587640729871,8776.372585580635,183.74249688784852
90760.05216818141,3.0,0.9999999999999998,1.2412670766236366e-16,25963.2,898.1832775107762,8136.366367121721,140.73666209577084
90760.05216818141,4.0,0.9999999999999998,1.2412670766236366e-16,35938.2,886.2255356284877,6915.62514478692,85.26865004569827
90760.05216818141,5.5,0.9999999999999998,1.2412670766236366e-16,47650.8,568.7536373510063,6005.850358911901,35.842517198210636
90760.05216818141,8.0,0.9999999999999997,3.554447978966673e-16,70603.6,1897.4349264204031,4933.96634061543,66.29888603744274
90760.05216818141,10.0,0.9999999999999998,1.2412670766236366e-16,87855.4,1224.6114894120503,4423.085913379347,30.82657314280592
90760.05216818141,12.0,0.9999999999999998,1.2412670766236366e-16,104756.2,814.0858062882561,4050.603533812597,15.73911063869197
90760.05216818141,14.0,0.9999999999999998,1.2412670766236366e-16,122976.8,2725.880903487898,3738.5053916767815,41.43350800621858
90760.05216818141,17.0,0.9999999999999998,1.2412670766236366e-16,150230.8,2643.4858993382204,3382.440107722113,29.758986606339903
90760.05216818141,20.0,0.9999999999999998,1.2412670766236366e-16,174943.4,4098.704283063124,3134.4462289195035,36.71807048309175
98795.42688342923,0.0,0.9999999999999998,1.2412670766236366e-16,7915.2,294.8409740860317,17460.748999390158,325.2062009331348
98795.42688342923,0.2,0.9999999999999986,2.7822109252321576e-15,2518.2,298.01459695793426,30956.275712508403,1831.749271261592
98795.42688342923,0.5,0.9999999999999998,1.2412670766236366e-16,7307.8,805.4968652949557,18171.906322152445,1001.4924860373424
98795.42688342923,0.8,0.9999999999999998,1.2412670766236366e-16,9324.0,682.6444901996939,16087.652747447879,588.918249050368
98795.42688342923,1.0,0.9999999999999998,1.2412670766236366e-16,11859.0,857.1805527425363,14264.934482403252,515.5419691568634
98795.42688342923,1.25,0.9999999999999998,1.2412670766236366e-16,16281.6,782.0078644105824,12174.33576673127,292.3676516300269
98795.42688342923,1.4,0.9999999999999998,1.2412670766236366e-16,17016.4,1831.2745015425733,11908.579846155082,640.7900208577485
98795.42688342923,1.5,0.9999999999999998,1.2412670766236366e-16,16738.8,1039.2144629478555,12006.921069293288,372.7198494122313
98795.42688342923,1.6,0.9999999999999998,1.2412670766236366e-16,19149.6,1210.3358211670015,11225.713717016895,354.75632467182913
98795.42688342923,1.7,0.9999999999999998,1.2412670766236366e-16,21816.6,955.8636409028226,10517.203598041247,230.3982408656705
98795.42688342923,1.8,0.9999999999999998,1.2412670766236366e-16,21053.4,1938.843289180433,10706.134496531542,492.9730357486988
98795.42688342923,1.9,0.9999999999999998,1.2412670766236366e-16,22339.8,928.528782537192,10393.317044586789,215.99329496981213
98795.42688342923,2.0,0.9999999999999998,1.2412670766236366e-16,25384.4,1918.867061575658,9750.129063434977,368.5177019338037
98795.42688342923,2.1,0.9999999999999998,1.2412670766236366e-16,25711.8,1315.2055732850283,9687.853777756927,247.7757154628678
98795.42688342923,2.25,0.9999999999999998,1.2412670766236366e-16,26314.6,1907.8940746278342,9576.248987683044,347.1545967022352
98795.42688342923,2.5,0.9999999999999998,1.2412670766236366e-16,31785.4,1907.8360254487282,8713.245993896788,261.494972625059
98795.42688342923,3.0,0.9999999999999998,1.2412670766236366e-16,36773.4,1301.99013053095,8100.781588196007,143.4071594878096
98795.42688342923,4.0,0.9999999999999998,1.2412670766236366e-16,49901.0,965.4416087987921,6954.072136654872,67.27070190291711
98795.42688342923,5.5,0.9999999999999998,1.2412670766236366e-16,67136.0,1820.6899791013295,5995.371302161259,81.2955229000588
98795.42688342923,8.0,0.9999999999999998,1.2412670766236366e-16,97332.2,2310.4268436806215,4979.268503530646,59.097788873829224
98795.42688342923,10.0,0.9999999999999998,1.2412670766236366e-16,123850.2,1933.2690449081317,4414.133459417307,34.45173111220137
98795.42688342923,12.0,0.9999999999999998,1.2412670766236366e-16,146792.4,1591.005908222845,4054.54411721708,21.972539605737605
98795.42688342923,14.0,0.9999999999999998,1.2412670766236366e-16,172119.0,3321.3391124665363,3744.3756192148417,36.127159685637146
98795.42688342923,17.0,0.9999999999999998,1.2412670766236366e-16,208813.0,4757.811576765099,3399.5000304833684,38.72886410388021
98795.42688342923,20.0,0.9999999999999998,1.2412670766236366e-16,244645.6,3325.5647339963175,3140.690285500068,21.346324752752253
107542.20761125622,0.0,0.9999999999999998,1.2412670766236366e-16,10472.0,1207.8377374465495,17987.185338140884,1037.3186230830706
107542.20761125622,0.2,0.9945424563382523,0.010892349420974919,3295.8,394.5487295632822,32238.458981784213,1961.710775187275
107542.20761125622,0.5,0.9999999999999998,1.2412670766236366e-16,9911.0,423.3562329764379,18489.2497259758,394.89148998838414
107542.20761125622,0.8,0.9999999999999998,1.2412670766236366e-16,12997.8,617.7124735667882,16145.18780951446,383.64507447473926
107542.20761125622,1.0,0.9999999999999998,1.2412670766236366e-16,16361.6,1520.5659472709494,14390.144032398865,668.6743042242194
107542.20761125622,1.25,0.9999999999999998,1.2412670766236366e-16,22494.0,957.47584825937,12272.828938834688,261.2015937306145
107542.20761125622,1.4,0.9999999999992142,1.755189438746711e-12,23746.6,1712.8221740741214,11944.756695439492,430.7825990219461
107542.20761125622,1.5,0.9999999999999998,1.2412670766236366e-16,23315.8,780.8118851554451,12054.601711738229,201.84545002402623
107542.20761125622,1.6,0.9999999999999998,1.2412670766236366e-16,25779.6,1164.3443648680575,11464.09929853036,258.8899637025337
107542.20761125622,1.7,0.9999999999999998,1.2412670766236366e-16,29174.8,1391.3325267526811,10776.409414000389,256.9609549903091
107542.20761125622,1.8,0.9999999999999998,1.2412670766236366e-16,28658.6,1281.9802260565486,10873.028864236609,243.1906653027961
107542.20761125622,1.9,0.9999999999999998,1.2412670766236366e-16,30057.6,1264.5589349650731,10616.976988327682,223.3344164688522
107542.20761125622,2.0,0.9999999999999998,1.2412670766236366e-16,33591.0,2224.6975075277087,10043.071623089187,332.5711709655677
107542.20761125622,2.1,0.9999999999999998,1.2412670766236366e-16,35287.6,1300.2739326772648,9798.666248097605,180.53013377795392
107542.20761125622,2.25,0.9999999999999998,1.2412670766236366e-16,36328.2,2873.625358323524,9657.308086671559,381.95513968490354
107542.20761125622,2.5,0.9999999999999998,1.2412670766236366e-16,43172.6,1874.4413301034526,8858.780159468408,192.31252768200247
107542.20761125622,3.0,0.9999999999999998,1.2412670766236366e-16,51113.6,1943.2653704525278,8141.600560137021,154.76595689377362
107542.20761125622,4.0,0.9999999999999998,1.2412670766236366e-16,69534.0,952.2076979314965,6980.38569360792,47.79515770690849
107542.20761125622,5.5,0.9999999999999998,1.2412670766236366e-16,91485.8,2397.332413329449,6085.568864994628,79.73440410205805
107542.20761125622,8.0,0.9999999999999998,1.2412670766236366e-16,131001.6,2449.7437212900454,5085.571052481723,47.55035722842893
107542.20761125622,10.0,0.9999999999999998,1.2412670766236366e-16,168904.8,2218.9296293483485,4478.752159063659,29.419045131500823
107542.20761125622,12.0,0.9999999999999998,1.2412670766236366e-16,201951.0,3574.3718329239337,4095.9535450926187,36.24755752767748
107542.20761125622,14.0,0.9999999999999998,1.2412670766236366e-16,231607.6,4521.450298300314,3824.7374057188363,37.33331739547364
107542.20761125622,17.0,0.9999999999999998,1.2412670766236366e-16,282997.0,4388.565255296998,3460.0877311142376,26.828589697147606
107542.20761125622,20.0,0.9999999999999998,1.2412670766236366e-16,332332.6,3537.782257290575,3192.9458533522957,16.99494300059529
117063.37816171067,0.0,0.9999999999999998,1.2412670766236366e-16,13994.4,1697.5502348973357,18436.78093034948,1118.2102054773866
117063.37816171067,0.2,0.9999999999999998,1.2412670766236366e-16,4315.2,238.20936169680655,33201.81094752317,916.4096905111627
117063.37816171067,0.5,0.9999999999999998,1.2412670766236366e-16,13326.4,409.63740063622123,18893.212728026672,290.37724184986257
117063.37816171067,0.8,0.9999999999999998,1.2412670766236366e-16,17773.4,517.0650829441106,16359.761927535556,237.96970917233264
117063.37816171067,1.0,0.9999999999999998,1.2412670766236366e-16,21523.2,1362.5379627738816,14866.502774892295,470.5660497619779
117063.37816171067,1.25,0.9999999999999998,1.2412670766236366e-16,30534.2,1599.4348064238193,12481.562735644879,326.903044421549
117063.37816171067,1.4,0.9999999999999888,2.4974404629171075e-14,31550.4,2073.9508914147414,12278.909601998697,403.57421006811677
117063.37816171067,1.5,0.9999999999999998,1.2412670766236366e-16,31442.6,482.0220949292678,12299.940525939855,94.28042050941922
117063.37816171067,1.6,0.9999999999999998,1.2412670766236366e-16,35919.8,1881.3632557270803,11507.878871048208,301.3727868661314
117063.37816171067,1.7,0.9999999999999998,1.2412670766236366e-16,39100.6,1325.6925737138306,11029.873358813202,186.98205655134046
117063.37816171067,1.8,0.9999999999999998,1.2412670766236366e-16,38676.0,1806.2418165904587,11090.253188429793,258.9678232691793
117063.37816171067,1.9,0.9999999999999998,1.2412670766236366e-16,39235.8,1536.2495565499767,11010.853411008975,215.56102679057562
117063.37816171067,2.0,0.9999999999999998,1.2412670766236366e-16,45025.4,2542.2272321726077,10278.58773021996,290.17516375246436
117063.37816171067,2.1,0.9999999999999998,1.2412670766236366e-16,47513.6,2743.6063493147117,10005.833419075814,288.8864251368212
117063.37816171067,2.25,0.9999999999999998,1.2412670766236366e-16,48450.2,3075.6419980225264,9908.649123808278,314.50290596172823
117063.37816171067,2.5,0.9999999999999998,1.2412670766236366e-16,56961.6,1822.25500410892,9138.420689476296,146.1733240555977
117063.37816171067,3.0,0.9999999999999998,1.2412670766236366e-16,68311.8,2571.5035873978477,8344.770025032818,157.06368486397605
117063.37816171067,4.0,0.9999999999999998,1.2412670766236366e-16,90195.2,2508.552012616043,7262.238774629205,100.99042795068009
117063.37816171067,5.5,0.9999999999999998,1.2412670766236366e-16,121008.8,2235.85066585405,6269.801043462268,57.9228074230863
117063.37816171067,8.0,0.9999999999999998,1.2412670766236366e-16,174935.2,2277.622927527733,5214.631622687177,33.94675440518392
117063.37816171067,10.0,0.9999999999999998,1.2412670766236366e-16,223111.6,5248.119310762666,4617.43894460188,54.30661268045389
117063.37816171067,12.0,0.9999999999999998,1.2412670766236366e-16,267156.0,3913.1170439944676,4219.682461077361,30.903500873434144
117063.37816171067,14.0,0.9999999999999998,1.2412670766236366e-16,311442.2,4179.871852102646,3908.1705486420265,26.22581665150927
117063.37816171067,17.0,0.9999999999999998,1.2412670766236366e-16,376672.0,5841.988402932687,3553.6984093438036,27.55801452577685
117063.37816171067,20.0,0.9999999999999998,1.2412670766236366e-16,445907.8,7047.790199771841,3266.176894957543,25.811759192150255
127427.49857031347,0.0,0.9999999999999998,1.2412670766236366e-16,17748.0,2207.644898981718,19398.66027581977,1206.4839250899483
127427.49857031347,0.2,0.9981243240288293,0.004194138975300493,5611.8,301.48913744942786,34562.94304652786,939.7230248072532
127427.49857031347,0.5,0.9999999999999998,1.2412670766236366e-16,17329.2,596.8669868572059,19631.667526214478,338.085261966914
127427.49857031347,0.8,0.9999999999999984,3.227294399221455e-15,23176.0,956.2609476497511,16975.681030584416,350.21532683177765
127427.49857031347,1.0,0.9999999999999998,1.2412670766236366e-16,28682.0,1157.1536198794004,15259.550179762344,307.81751147485096
127427.49857031347,1.25,0.9999999999999998,1.2412670766236366e-16,40825.6,1566.4830991747085,12790.283162122374,245.38233861992902
127427.49857031347,1.4,0.9999999999999998,1.2412670766236366e-16,40768.4,2126.7192574479595,12799.252704192797,333.8421081885687
127427.49857031347,1.5,0.9999999999999998,1.2412670766236366e-16,40564.2,1429.7664844302374,12831.427952727627,226.13469061624852
127427.49857031347,1.6,0.9999999999999998,1.2412670766236366e-16,46649.6,1717.960360427446,11965.269511697581,220.3219183329279
127427.49857031347,1.7,0.9999999999999998,1.2412670766236366e-16,50777.6,1596.7026335545388,11468.598854475558,180.31515859475132
127427.49857031347,1.8,0.9999999999999998,1.2412670766236366e-16,51582.4,1904.1350529833749,11378.779324686793,210.0205939651763
127427.49857031347,1.9,0.9999999999999998,1.2412670766236366e-16,50953.2,954.9707848934437,11448.819683895228,107.28755328058821
127427.49857031347,2.0,0.9999999999999998,1.2412670766236366e-16,58379.4,1355.908662115557,10695.88275917134,124.21025294995208
127427.49857031347,2.1,0.9999999999999998,1.2412670766236366e-16,62941.8,2958.2874606772075,10300.940250743746,242.07396656085743
127427.49857031347,2.25,0.9999999999999998,1.2412670766236366e-16,64321.6,2997.076125159319,10189.855559499205,237.39904492578714
127427.49857031347,2.5,0.9999999999999998,1.2412670766236366e-16,73176.0,1348.529384181153,9553.49134282423,88.02861455476342
127427.49857031347,3.0,0.9999999999999998,1.2412670766236366e-16,88152.8,1953.3571614018774,8704.190586550347,96.437055978057
127427.49857031347,4.0,0.9999999999999998,1.2412670766236366e-16,115531.4,3698.7230634368934,7603.20025810167,121.70774417418117
127427.49857031347,5.5,0.9999999999999998,1.2412670766236366e-16,156188.8,2668.699439802092,6539.153066517112,55.86519047906876
127427.49857031347,8.0,0.9999999999999998,1.2412670766236366e-16,229234.6,5621.963651607862,5397.6704149076,66.18875788377856
127427.49857031347,10.0,0.9999999999999998,1.2412670766236366e-16,289586.8,7153.55738077217,4802.386024358926,59.31579752576761
127427.49857031347,12.0,0.9999999999999998,1.2412670766236366e-16,347054.0,4034.7718027169763,4386.800863645583,25.499980447958645
127427.49857031347,14.0,0.9999999999999998,1.2412670766236366e-16,403868.4,7608.954021414507,4066.553689175646,38.30730511046547
127427.49857031347,17.0,0.9999999999999998,1.2412670766236366e-16,490908.0,7414.555853185004,3688.4711648534226,27.85488876191471
127427.49857031347,20.0,0.9999999999999998,1.2412670766236366e-16,581796.0,6783.041316400778,3388.1379292851598,19.750805746349076
138709.198785093,0.0,0.9999999999999998,1.2412670766236366e-16,21637.6,1570.1964208340307,20817.382112201823,755.3374423160074
138709.198785093,0.2,0.9999999999999998,1.2412670766236366e-16,7542.2,709.6761233125995,35259.945415729526,1658.8754853258197
138709.198785093,0.5,0.9999999999999998,1.2412670766236366e-16,22135.6,556.3212201597203,20581.878437385105,258.6362177999494
138709.198785093,0.8,0.9960382169751657,0.00885881615563383,29475.2,1061.616314870867,17907.14191637849,359.66847888539104
138709.198785093,1.0,0.9999999999999998,1.2412670766236366e-16,36618.0,1285.1429881534584,16002.334628031394,280.808456787643
138709.198785093,1.25,0.9999999999999998,1.2412670766236366e-16,50588.6,1345.7586336338325,13614.582487218007,181.08765537585157
138709.198785093,1.4,0.9999999999999986,3.078742732723249e-15,51506.6,2247.641719669752,13492.710947882835,294.3970290982735
138709.198785093,1.5,0.9999999999999998,1.2412670766236366e-16,50852.6,1685.7979712883748,13579.196619147759,225.0797610376387
138709.198785093,1.6,0.9999999999999998,1.2412670766236366e-16,58830.8,2859.851254873232,12624.909711840508,306.85766539013855
138709.198785093,1.7,0.9999999999999998,1.2412670766236366e-16,64974.0,1670.0543404332686,12013.25943033699,154.390956801068
138709.198785093,1.8,0.9999999999999998,1.2412670766236366e-16,65714.2,1911.2097477775694,11945.409582260376,173.70814249288293
138709.198785093,1.9,0.9999999999999998,1.2412670766236366e-16,64691.0,1750.517209284159,12039.507612882315,162.89256053900957
138709.198785093,2.0,0.9999999999999998,1.2412670766236366e-16,73009.0,2486.3386736323755,11332.93656803387,192.9729107022777
138709.198785093,2.1,0.9999999999999998,1.2412670766236366e-16,80494.6,3760.233144367514,10793.126933816493,252.095628948417
138709.198785093,2.25,0.9999999999999998,1.2412670766236366e-16,82290.0,3195.8289222046915,10674.735597604807,207.28295515684425
138709.198785093,2.5,0.9999999999999998,1.2412670766236366e-16,93977.8,2939.1083171601554,9988.908177639896,156.19903373057522
138709.198785093,3.0,0.9999999999999998,1.2412670766236366e-16,112139.8,2755.1412304998084,9144.306394471516,112.33235466681552
138709.198785093,4.0,0.9999999999999998,1.2412670766236366e-16,147405.8,3610.9318326437565,7975.78377944848,97.68954661042595
138709.198785093,5.5,0.9999999999999998,1.2412670766236366e-16,198894.2,4212.282718431896,6866.249787431074,72.70846842198664
138709.198785093,8.0,0.9999999999999998,1.2412670766236366e-16,292514.4,7203.213643923106,5661.832704176235,69.7117656162095
138709.198785093,10.0,0.9999999999999998,1.2412670766236366e-16,368885.6,10525.503161369532,5041.790630460944,71.92932337272038
138709.198785093,12.0,0.9999999999999998,1.2412670766236366e-16,440411.4,3576.542995687316,4614.252773170601,18.73597440508362
138709.198785093,14.0,0.9999999999999998,1.2412670766236366e-16,510730.4,7255.702088702375,4284.841912903827,30.436348039215773
138709.198785093,17.0,0.9999999999999998,1.5700924586837752e-16,620076.8,4782.436690642125,3888.731129283807,14.996215333914332
138709.198785093,20.0,0.9999999999999998,1.2412670766236366e-16,732728.8,4961.813801423829,3577.3301846143722,12.11228921414693
150989.71606184202,0.0,0.9999999999999998,1.2412670766236366e-16,27676.0,1880.1723325269948,21810.378754824138,740.8453298300859
150989.71606184202,0.2,0.9999999999999998,1.2412670766236366e-16,8963.2,922.8264733957301,38325.10248845821,1972.9236864040636
150989.71606184202,0.5,0.9999999999999998,1.2412670766236366e-16,27874.0,634.4840423525244,21732.77684490228,247.34699189386058
150989.71606184202,0.8,0.9999999999999998,1.2412670766236366e-16,36812.0,759.1399739178539,18911.246774198964,194.99461293762224
150989.71606184202,1.0,0.9999999999999997,6.497413668604471e-16,45846.8,1440.7274898467094,16945.732805730255,266.2583112541419
150989.71606184202,1.25,0.9999999999999998,1.2412670766236366e-16,64362.8,2758.418151767422,14302.020754117853,306.4732551653523
150989.71606184202,1.4,0.9999999999999998,3.510833468576701e-16,62807.0,1416.985885603664,14478.0757201844,163.31960566658492
150989.71606184202,1.5,0.9999999999999998,1.2412670766236366e-16,62694.2,1985.1691867445454,14491.094412638844,229.42532251928154
150989.71606184202,1.6,0.9999999999999998,1.2412670766236366e-16,73893.8,2397.5372155610016,13347.836187170182,216.54004805513026
150989.71606184202,1.7,0.9999999999999998,1.2412670766236366e-16,80733.6,2799.300323295091,12769.906258259154,221.38739457420982
150989.71606184202,1.8,0.9999999999999998,1.2412670766236366e-16,82932.0,1610.968497519427,12599.514160717323,122.37387496361796
150989.71606184202,1.9,0.9999999999999998,1.2412670766236366e-16,81677.2,2347.829998104633,12695.927914724683,182.47369162976088
150989.71606184202,2.0,0.9999999999999998,1.2412670766236366e-16,91051.2,2696.288133712716,12024.638572031576,178.04208123535415
150989.71606184202,2.1,0.9999999999999998,1.2412670766236366e-16,100649.6,3871.6584689251713,11436.91364223074,219.97019144292906
150989.71606184202,2.25,0.9999999999999998,1.2412670766236366e-16,99558.6,1677.9646301397415,11499.407867089869,96.90574028023438
150989.71606184202,2.5,0.9999999999999998,1.2412670766236366e-16,116781.0,3199.4598762916216,10617.659006956439,145.44649374856985
150989.71606184202,3.0,0.9999999999999998,1.2412670766236366e-16,137448.8,3815.127612544566,9786.882903971557,135.82587555395986
150989.71606184202,4.0,0.9999999999999998,1.2412670766236366e-16,184014.8,2119.700143888281,8458.405303205336,48.716959011638615
150989.71606184202,5.5,0.9999999999999998,1.2412670766236366e-16,245927.2,1775.6703522895234,7316.6382967018635,26.41419432636897
150989.71606184202,8.0,0.9999999999999998,1.2412670766236366e-16,370911.6,3844.3049826984334,5957.714130441461,30.874297429830953
150989.71606184202,10.0,0.9999999999999998,1.2412670766236366e-16,458139.6,10241.893906890464,5360.631479094565,59.919529858174066
150989.71606184202,12.0,0.9999999999999998,1.2412670766236366e-16,551788.4,3724.5809562956206,4884.595278729622,16.485550035455482
150989.71606184202,14.0,0.9999999999999998,1.2412670766236366e-16,640521.6,8855.973650593141,4533.649887579901,31.341553466286037
150989.71606184202,17.0,0.9999999999999998,1.2412670766236366e-16,769242.0,9917.446974902361,4136.979552125952,26.66798962125342
150989.71606184202,20.0,0.9999999999999998,1.2412670766236366e-16,911904.6,2807.22377091674,3799.6200022326207,5.848409795672776
164357.47993726996,0.0,0.9999999999999998,1.2412670766236366e-16,33700.8,1173.4680225724092,23419.573071163228,407.7369098257008
164357.47993726996,0.2,0.9989242728937808,0.002405398934745054,10867.8,916.9603044843327,41285.32370087227,1744.5399221376003
164357.47993726996,0.5,0.9999999999999998,1.2412670766236366e-16,34294.2,754.6838410884388,23216.07194098687,255.44836076376617
164357.47993726996,0.8,0.9999999999999998,1.2412670766236366e-16,43966.2,1283.0328132982413,20504.048168585883,299.1771702551437
164357.47993726996,1.0,0.9999999999999998,2.482534153247273e-16,56197.8,2051.77830186402,18135.912918720736,331.07054556518733
164357.47993726996,1.25,0.9999999999999998,1.2412670766236366e-16,78137.4,3015.7342886932197,15380.469788166221,296.806715582954
164357.47993726996,1.4,0.9999999999999998,1.2412670766236366e-16,77559.0,1120.6364263221146,15437.713561142391,111.5284116333569
164357.47993726996,1.5,0.9999999999999998,1.2412670766236366e-16,76525.6,2289.2410969576795,15541.599289843203,232.46121433061188
164357.47993726996,1.6,0.9999999999999998,1.2412670766236366e-16,90370.6,3335.5343350054122,14301.628617329567,263.9330340818737
164357.47993726996,1.7,0.9999999999999998,1.2412670766236366e-16,99732.2,3310.413297460001,13613.86310980749,225.94264173710638
164357.47993726996,1.8,0.9999999999999998,1.2412670766236366e-16,102549.2,1002.7735038382297,13425.576409832298,65.64074755110431
164357.47993726996,1.9,0.9999999999999998,1.2412670766236366e-16,98984.2,3258.6890308834318,13665.204657280228,224.93818468733528
164357.47993726996,2.0,0.9999999999999998,1.2412670766236366e-16,110028.0,1836.3053939908798,12961.267373506082,108.15812879870224
164357.47993726996,2.1,0.9999999999999998,1.2412670766236366e-16,120932.6,3773.705910640096,12363.100053024797,192.89547956437949
164357.47993726996,2.25,0.9999999999999998,1.2412670766236366e-16,123281.4,3907.1319148449543,12244.760645987057,194.03533343056432
164357.47993726996,2.5,0.9999999999999998,1.2412670766236366e-16,144284.2,2335.2788270354354,11318.5212645116,91.59666499299398
164357.47993726996,3.0,0.9999999999999998,1.2412670766236366e-16,168265.2,3195.116539345631,10480.980814017916,99.50945040160673
164357.47993726996,4.0,0.9999999999999998,1.2412670766236366e-16,224798.0,3826.478995107643,9067.81930829532,77.17555341823228
164357.47993726996,5.5,0.9999999999999998,1.1102230246251565e-16,301588.2,2278.4624640313914,7828.740656618588,29.572595557024314
164357.47993726996,8.0,0.9999999999999998,1.2412670766236366e-16,452990.0,4208.448110646013,6387.850914069838,29.67277325151286
164357.47993726996,10.0,0.9999999999999998,1.2412670766236366e-16,561568.2,8227.773100906466,5737.171409940119,42.02886185684565
164357.47993726996,12.0,0.9999999999999998,1.2412670766236366e-16,674662.8,3727.4698120843314,5234.264885727574,14.459493209053896
164357.47993726996,14.0,0.9999999999999998,1.2412670766236366e-16,782500.4,6133.69564781299,4860.229698873429,19.048661030301954
164357.47993726996,17.0,0.9999999999999998,1.2412670766236366e-16,946311.0,9433.050885053042,4419.591552587222,22.027764660194087
164357.47993726996,20.0,0.9999999999999998,1.2412670766236366e-16,1120666.6,9348.935891319397,4061.260664162683,16.940125451759766
178908.74899232227,0.0,0.9999999999999998,1.2412670766236366e-16,40922.4,1518.54825409007,25182.726075740935,467.24024880682555
178908.74899232227,0.2,0.9990108494390382,0.002211807894292446,13759.2,623.2019736810852,43472.68787387243,989.2080867978336
178908.74899232227,0.5,0.9999999999999998,1.2412670766236366e-16,41556.8,911.6554722042752,24989.76893251856,274.10748176532996
178908.74899232227,0.8,0.9999999999999998,1.2412670766236366e-16,52699.0,1684.1806613306069,22191.267185505665,354.59973665770815
178908.74899232227,1.0,0.9999999999999998,1.2412670766236366e-16,66765.4,1005.4962953686105,19715.489391779156,148.459018779286
178908.74899232227,1.25,0.9999999999999998,1.2412670766236366e-16,93871.6,2616.211535789872,16627.08739005566,231.6993522878588
178908.74899232227,1.4,0.9999999999999998,1.2412670766236366e-16,94116.8,2804.3495145933575,16605.414210066512,247.39146082113749
178908.74899232227,1.5,0.9999999999999998,1.2412670766236366e-16,92887.0,1885.1722732949368,16714.97845946828,169.61799789266374
178908.74899232227,1.6,0.9999999999999998,1.2412670766236366e-16,107971.8,3175.0671961393195,15503.441639324858,227.95058050472784
178908.74899232227,1.7,0.9999999999999998,1.2412670766236366e-16,120179.8,4711.714305855141,14694.93099604841,288.0613738649733
178908.74899232227,1.8,0.9999999999999998,1.2412670766236366e-16,122809.4,1237.5713312775147,14536.755461104241,73.24468570180483
178908.74899232227,1.9,0.9999999999999998,1.2412670766236366e-16,119227.6,4166.823826369432,14753.494142619465,257.80612423494495
178908.74899232227,2.0,0.9999999999999998,1.2412670766236366e-16,132853.0,2057.7479194498046,13976.473539311026,108.24015771854046
178908.74899232227,2.1,0.9999999999999998,1.2412670766236366e-16,146947.0,4613.571501559285,13289.325150714736,208.61688836891042
178908.74899232227,2.25,0.9999999999999998,1.2412670766236366e-16,150122.2,2831.9438024085152,13148.03433118525,124.01395109468972
178908.74899232227,2.5,0.9999999999999998,1.2412670766236366e-16,174871.0,2026.4170350645988,12182.162624054972,70.58386429228474
178908.74899232227,3.0,0.9999999999999998,1.2412670766236366e-16,201015.8,4016.359695047245,11362.350766044225,113.51169325428454
178908.74899232227,4.0,0.9999999999999998,1.2412670766236366e-16,269585.8,5932.784818278849,9811.485880105081,107.96086899652119
178908.74899232227,5.5,0.9999999999999998,1.2412670766236366e-16,364189.6,1923.513010093771,8441.497956942743,22.292414644541406
178908.74899232227,8.0,0.9999999999999998,1.2412670766236366e-16,541866.6,3653.119872109318,6920.494029593081,23.328061061818882
178908.74899232227,10.0,0.9999999999999998,1.2412670766236366e-16,674605.8,7503.361993133478,6202.378337669708,34.49324767583179
178908.74899232227,12.0,0.9999999999999998,1.5700924586837752e-16,813164.6,4490.114063139154,5649.292448391679,15.597068213071067
178908.74899232227,14.0,0.9999999999999998,1.2412670766236366e-16,943226.0,6446.775628172582,5245.361300351261,17.925538201907152
178908.74899232227,17.0,0.9999999999999998,1.2412670766236366e-16,1142200.0,9698.283765697928,4766.63844698795,20.236478842310817
178908.74899232227,20.0,0.9999999999999998,1.2412670766236366e-16,1355337.8,10998.338042631714,4375.820656794581,17.75452392656559
194748.30399087572,0.0,0.9999999999999998,1.2412670766236366e-16,48756.0,1697.958774528993,27337.164484288718,476.017088223402
194748.30399087572,0.2,0.9999999999999998,1.2412670766236366e-16,15746.4,1179.9590247122992,48103.52033983168,1802.3225291309773
194748.30399087572,0.5,0.9999999999999998,1.2412670766236366e-16,48538.8,1787.2035978030035,27398.259984801345,504.40337233696573
194748.30399087572,0.8,0.9999999999999998,1.2412670766236366e-16,63915.4,1234.4793639425488,23876.174509550623,230.5754538181045
194748.30399087572,1.0,0.9999999999999998,1.2412670766236366e-16,79804.2,1431.4330930923736,21367.544932637422,191.63283971717942
194748.30399087572,1.25,0.9999999999999998,1.2412670766236366e-16,112327.4,2580.175827342005,18010.453432550523,206.85129623820947
194748.30399087572,1.4,0.9999999999999998,1.2412670766236366e-16,112240.8,3857.966005552667,18017.400124544398,309.64906339286904
194748.30399087572,1.5,0.9999999999999998,1.2412670766236366e-16,111856.8,2624.022999137012,18048.300141028463,211.6954653869343
194748.30399087572,1.6,0.9999999999999998,2.482534153247273e-16,128134.2,1618.3603430633118,16863.005015828137,106.49154785566216
194748.30399087572,1.7,0.9999999999999998,1.2412670766236366e-16,145827.2,2350.890618467818,15806.955531554417,127.41252477476513
194748.30399087572,1.8,0.9999999999999998,1.2412670766236366e-16,144735.4,766.2266635924386,15866.462777452278,41.99838752986787
194748.30399087572,1.9,0.9999999999999998,1.2412670766236366e-16,143387.6,6424.907260031074,15940.858334073664,357.13874993973235
194748.30399087572,2.0,0.9999999999999998,1.2412670766236366e-16,157438.2,3270.379901479337,15212.91512072338,158.00489288408036
194748.30399087572,2.1,0.9999999999999998,1.2412670766236366e-16,175223.8,4674.4000363683035,14420.18900938247,192.34182807899163
194748.30399087572,2.25,0.9999999999999998,1.2412670766236366e-16,178002.0,3626.634321240563,14307.213535771965,145.74845128186243
194748.30399087572,2.5,0.9999999999999998,1.2412670766236366e-16,208897.6,4236.993839976641,13206.896514257269,133.93533285235688
194748.30399087572,3.0,0.9999999999999998,1.2412670766236366e-16,239631.4,4861.482829343327,12330.924468392284,125.0808065491805
194748.30399087572,4.0,0.9999999999999998,1.2412670766236366e-16,316915.8,3914.2410119970896,10722.487637979315,66.21695867358213
194748.30399087572,5.5,0.9999999999999998,1.2412670766236366e-16,431711.8,2912.941588841081,9186.932815242855,30.994055144438708
194748.30399087572,8.0,0.9999999999999998,1.2412670766236366e-16,638600.8,8210.818546283921,7553.578917253503,48.56012227404372
194748.30399087572,10.0,0.9999999999999998,1.2412670766236366e-16,798637.8,4755.458936843005,6754.490095424008,20.10967943672442
194748.30399087572,12.0,0.9999999999999998,1.2412670766236366e-16,960531.6,6695.476069705574,6159.020810839455,21.46601759473306
194748.30399087572,14.0,0.9999999999999998,1.2412670766236366e-16,1117052.8,4630.635183211911,5711.243138639482,11.837705172782167
194748.30399087572,17.0,0.9999999999999998,1.2412670766236366e-16,1357594.2,8730.111207768203,5180.6292482887675,16.657212244932076
194748.30399087572,20.0,0.9999999999999998,1.2412670766236366e-16,1606014.6,11771.76959084742,4763.13351697398,17.456413625461565
211990.20238496116,0.0,0.9999999999999998,1.2412670766236366e-16,57881.6,2461.3745753135586,29729.078431152047,632.1041384303505
211990.20238496116,0.2,0.9999999999999993,1.2911564428300668e-15,18598.4,792.2141755863752,52446.18693853484,1116.9942776841096
211990.20238496116,0.5,0.9999999999999998,2.482534153247273e-16,55689.0,1076.5254293327214,30308.678496437067,292.9489049083691
211990.20238496116,0.8,0.9999999999999997,3.554447978966673e-16,74743.8,1588.8027567951915,26161.589308683924,278.05386678079407
211990.20238496116,1.0,0.9999999999999998,1.2412670766236366e-16,94022.6,987.9090545186839,23325.7481565119,122.54350447254492
211990.20238496116,1.25,0.9999999999999998,1.2412670766236366e-16,129807.0,2451.869388854145,19851.926295282075,187.48730959497868
211990.20238496116,1.4,0.9999999999999998,1.2412670766236366e-16,131281.4,4970.778087985824,19740.13465676589,373.7156550956245
211990.20238496116,1.5,0.9999999999999998,1.1102230246251565e-16,131121.4,3975.6606117725896,19752.174867676807,299.44747241208205
211990.20238496116,1.6,0.9999999999999998,1.2412670766236366e-16,150761.6,3529.3981498266808,18420.708990811654,215.6186198298053
211990.20238496116,1.7,0.9999999999999998,1.2412670766236366e-16,169086.6,1388.2592697331431,17393.905845714973,71.404981314839
211990.20238496116,1.8,0.9999999999999998,1.2412670766236366e-16,168458.0,3890.1664488810757,17426.328254683685,201.2113331024908
211990.20238496116,1.9,0.9999999999999998,1.2412670766236366e-16,170138.4,4810.365349950043,17340.05770558901,245.12988470885944
211990.20238496116,2.0,0.9999999999999998,1.2412670766236366e-16,185152.4,2799.8623716175766,16622.143896895803,125.67948142322571
211990.20238496116,2.1,0.9999999999999998,1.2412670766236366e-16,205589.6,4596.899096129911,15774.33790918913,176.35386147159025
211990.20238496116,2.25,0.9999999999999998,1.2412670766236366e-16,206929.8,1949.1335767463452,15723.172951318898,74.05063053365343
211990.20238496116,2.5,0.9999999999999998,1.2412670766236366e-16,245506.6,5252.219749781991,14435.110896886956,154.40801702056663
211990.20238496116,3.0,0.9999999999999998,1.2412670766236366e-16,278955.4,7947.898829250407,13542.047230619235,192.91761573694635
211990.20238496116,4.0,0.9999999999999998,1.2412670766236366e-16,372124.2,3845.3871976694363,11724.8623714166,60.58009081038199
211990.20238496116,5.5,0.9999999999999998,1.2412670766236366e-16,506836.4,3634.3567243736543,10046.569936929383,36.02032037080358
211990.20238496116,8.0,0.9999999999999998,1.2412670766236366e-16,748191.6,10571.308471518556,8268.853481100514,58.41591970192098
211990.20238496116,10.0,0.9999999999999998,1.2412670766236366e-16,934555.8,5216.756051417394,7398.592229702368,20.649730484937088
211990.20238496116,12.0,0.9999999999999998,1.2412670766236366e-16,1120722.2,5720.709108143849,6756.20351457171,17.243468087936453
211990.20238496116,14.0,0.9999999999999998,1.1102230246251565e-16,1315566.4,10083.60200027748,6235.845178418248,23.898368381299086
211990.20238496116,17.0,0.9999999999999998,1.2412670766236366e-16,1592923.4,10444.662239632262,5667.013726054297,18.57906170378219
211990.20238496116,20.0,0.9999999999999998,1.2412670766236366e-16,1870009.0,13530.812373985533,5230.339289288268,18.922566569370627
230758.59961954897,0.0,0.9999999999999998,1.2412670766236366e-16,66463.2,1852.672448113805,32873.45095699954,458.17638078254924
230758.59961954897,0.2,0.9999999999999998,1.2412670766236366e-16,21001.0,751.1664262997914,58481.15396587455,1045.8806587884828
230758.59961954897,0.5,0.9999999999999998,1.2412670766236366e-16,64879.0,2512.7288950461807,33272.37847030143,644.3106921287231
230758.59961954897,0.8,0.9999999999999998,1.2412670766236366e-16,85827.0,1353.7363111034585,28928.36942337712,228.14140136227894
230758.59961954897,1.0,0.9999999999999998,1.2412670766236366e-16,107375.6,1993.9955616801155,25863.251279335123,240.14398178735115
230758.59961954897,1.25,0.9999999999999998,1.2412670766236366e-16,149951.4,2411.1508248137447,21885.710930075154,175.95617633675278
230758.59961954897,1.4,0.9999999999999998,1.5700924586837752e-16,150449.4,4623.310426523402,21849.459146354224,335.7169662532274
230758.59961954897,1.5,0.9999999999999998,1.2412670766236366e-16,150679.0,3114.925119485218,21832.806035018148,225.67031884777074
230758.59961954897,1.6,0.9999999999999998,1.2412670766236366e-16,173870.4,4837.332198640072,20324.650885289964,282.73095407134167
230758.59961954897,1.7,0.9999999999999998,1.2412670766236366e-16,196824.0,1829.543932241038,19102.794084933754,88.78338263357249
230758.59961954897,1.8,0.9999999999999998,1.2412670766236366e-16,195466.2,4356.013682255831,19169.027749864443,213.59331473664298
230758.59961954897,1.9,0.9999999999999998,1.2412670766236366e-16,190810.2,3215.9994869402576,19401.49194263191,163.50066226380915
230758.59961954897,2.0,0.9999999999999998,1.2412670766236366e-16,216441.0,3823.460539877455,18216.55105092667,160.89896118545312
230758.59961954897,2.1,0.9999999999999998,1.2412670766236366e-16,237096.2,3732.769976840256,17404.98383921482,137.00936818559498
230758.59961954897,2.25,0.9999999999999998,1.2412670766236366e-16,237745.8,3389.0910580862237,17381.189494179944,123.88533024269506
230758.59961954897,2.5,0.9999999999999998,1.2412670766236366e-16,283140.2,4199.101653925516,15927.043047381916,118.10275051441705
230758.59961954897,3.0,0.9999999999999998,1.2412670766236366e-16,323888.8,5015.263622183784,14891.483200137352,115.29375818801056
230758.59961954897,4.0,0.9999999999999998,1.2412670766236366e-16,430625.0,5990.567210206393,12914.758857146471,89.83074709706153
230758.59961954897,5.5,0.9999999999999998,1.2412670766236366e-16,586387.6,5651.642973507792,11067.34713578511,53.33391657269996
230758.59961954897,8.0,0.9999999999999998,1.2412670766236366e-16,861233.8,8883.555408731349,9132.199453420602,47.098940989106595
230758.59961954897,10.0,0.9999999999999998,1.2412670766236366e-16,1079663.0,5400.692409311976,8156.274093657936,20.399665259384797
230758.59961954897,12.0,0.9999999999999998,1.2412670766236366e-16,1296779.6,10181.290625456088,7442.225690748726,29.215243152247485
230758.59961954897,14.0,0.9999999999999998,1.2412670766236366e-16,1516463.4,9439.756633515506,6882.083769522983,21.41996830116836
230758.59961954897,17.0,0.9999999999999998,1.2412670766236366e-16,1843171.2,14574.220380521218,6242.4214065616225,24.67986296859248
230758.59961954897,20.0,0.9999999999999998,1.2412670766236366e-16,2156794.4,6132.367226446896,5770.740529308984,8.203911345064515
251188.6431509582,0.0,0.9999999999999998,1.2412670766236366e-16,76853.6,2581.0456795647765,36223.30092684903,608.2603440620767
251188.6431509582,0.2,0.9999999999999998,1.1102230246251565e-16,24986.4,1367.7820732850682,63528.45412866219,1738.8075253077056
251188.6431509582,0.5,0.9999999999999998,1.2412670766236366e-16,72955.2,3256.055696698077,37178.51212757625,829.6550911227247
251188.6431509582,0.8,0.9999999999999998,1.2412670766236366e-16,98022.4,2398.5425366251065,32074.32059387108,392.41858125158353
251188.6431509582,1.0,0.9999999999999998,1.2412670766236366e-16,121413.0,1743.7431003447728,28819.572644172793,206.95448985348054
251188.6431509582,1.25,0.9999999999999997,4.965068306494546e-16,171520.2,1846.3366973550626,24247.2502331762,130.5052930076583
251188.6431509582,1.4,0.9999999999999998,1.2412670766236366e-16,172346.8,5257.584730653421,24189.033698677973,368.9534538019573
251188.6431509582,1.5,0.9999999999999998,1.2412670766236366e-16,171292.0,3253.664472560132,24263.39629035125,230.4396892253087
251188.6431509582,1.6,0.9999999999999998,1.2412670766236366e-16,199383.0,5229.676997673948,22489.3067662581,294.93941381445023
251188.6431509582,1.7,0.9999999999999998,1.2412670766236366e-16,222619.8,3716.1990258865308,21283.26426528648,177.64108567688774
251188.6431509582,1.8,0.9999999999999998,1.2412670766236366e-16,223552.0,5605.916829564991,21238.84286580893,266.29863893394963
251188.6431509582,1.9,0.9999999999999998,1.2412670766236366e-16,220518.0,6887.01793231294,21384.451197115737,333.9298807063528
251188.6431509582,2.0,0.9999999999999998,1.2412670766236366e-16,247918.4,4172.382388995524,20168.135543602144,169.71143239267485
251188.6431509582,2.1,0.9999999999999998,1.2412670766236366e-16,269703.4,3549.3187797097066,19336.457857474543,127.2346826302518
251188.6431509582,2.25,0.9999999999999998,1.2412670766236366e-16,270953.2,5163.716413592056,19291.810594862225,183.82775884654467
251188.6431509582,2.5,0.9999999999999998,1.2412670766236366e-16,322707.6,4138.78729823121,17677.283822139165,113.35728961805926
251188.6431509582,3.0,0.9999999999999998,1.2412670766236366e-16,372464.0,4166.016502607737,16454.245780125297,92.02051669149998
251188.6431509582,4.0,0.9999999999999998,1.2412670766236366e-16,493259.6,7529.665450735511,14298.232621718316,109.13209613997562
251188.6431509582,5.5,0.9999999999999998,1.2412670766236366e-16,668019.6,5786.130209388655,12286.424863583843,53.21015586112022
251188.6431509582,8.0,0.9999999999999998,1.2412670766236366e-16,982325.6,5361.246058520351,10131.93513026603,27.648570536247167
251188.6431509582,10.0,0.9999999999999998,1.2412670766236366e-16,1229222.0,10926.0458767113,9057.429648188685,40.25387271835138
251188.6431509582,12.0,0.9999999999999998,1.2412670766236366e-16,1478691.0,12585.880342669718,8258.124325458512,35.14451789289003
251188.6431509582,14.0,0.9999999999999998,1.1102230246251565e-16,1731144.0,12065.589728645675,7632.266636307625,26.597382405310697
251188.6431509582,17.0,0.9999999999999998,1.2412670766236366e-16,2099356.2,13770.047955617292,6930.699442974145,22.729840628218316
251188.6431509582,20.0,0.9999999999999998,1.1102230246251565e-16,2465055.4,9151.023975490394,6395.975471800626,11.871888333441921
